소재지전체주소 상호명,동
서울특별시 종로구 128-17번지 (지상1층),당주동
서울특별시 종로구 184,명륜2가
서울특별시 종로구 132-1,종로3가
서울특별시 종로구 11-02,명륜4가
서울특별시 종로구 120번지,관수동
서울특별시 종로구 208-0,인사동
서울특별시 종로구 198 금강빌딩,낙원동
서울특별시 종로구 201-4,숭인동
서울특별시 종로구 19-6번지,관철동
서울특별시 종로구 13-9번지,관철동
서울특별시 종로구 687-4번지,창신동
서울특별시 종로구 1-65번지,동숭동
서울특별시 종로구 67-2번지,무악동
서울특별시 종로구 60-5번지,송월동
서울특별시 종로구 1-58번지,동숭동
서울특별시 종로구 143-2번지,혜화동
서울특별시 종로구 106-0번지,익선동
서울특별시 종로구 37번지 3층,인사동
서울특별시 종로구 325번지,평창동
서울특별시 종로구 1-35번지 지상4층,동숭동
서울특별시 종로구 21-18번지 지상1층,명륜2가
서울특별시 종로구 160-0 변호사회관 지하동 1-33호,당주동
서울특별시 종로구 159번지 지상1층,낙원동
서울특별시 종로구 75번지,교북동
서울특별시 종로구 39-2번지 지상1층,체부동
서울특별시 종로구 14-3번지,관철동
서울특별시 종로구 107번지 (지상1층),돈의동
서울특별시 종로구 153번지,돈의동
서울특별시 종로구 227번지,낙원동
서울특별시 종로구 59-2번지,종로4가
서울특별시 종로구 136번지,창성동
서울특별시 종로구 Jul-43 지상2층,관철동
서울특별시 종로구 173-1번지 1~2층,세종로
서울특별시 종로구 167-3번지,혜화동
서울특별시 종로구 313-14번지,숭인동
서울특별시 종로구 168-0번지,당주동
서울특별시 종로구 561-2번지,창신동
서울특별시 종로구 18-9번지,관철동
서울특별시 종로구 156-0번지,신문로1가
서울특별시 종로구 304-15번지,사직동
서울특별시 종로구 697-3번지 동원빌딩 1층,창신동
서울특별시 종로구 24번지 르메이에르종로타운1,종로1가
서울특별시 종로구 24번지 르메이에르종로타운1,종로1가
서울특별시 종로구 51번지,돈의동
서울특별시 종로구 16-9번지,혜화동
서울특별시 종로구 57번지 지상1층,운니동
서울특별시 종로구 11-1번지,내자동
서울특별시 종로구 148-1번지 지상1층,명륜3가
서울특별시 종로구 217-0번지,효제동
서울특별시 종로구 76 롯데캐슬상가 116호,숭인동
서울특별시 종로구 464-6번지 2층,창신동
서울특별시 종로구 561-1,창신동
서울특별시 종로구 18-9번지 18-8,관철동
서울특별시 종로구 147-2 지하1층,통인동
서울특별시 종로구 12-05 지하1층,신문로2가
서울특별시 종로구 66-0,통의동
서울특별시 종로구 209-0번지,인사동
서울특별시 종로구 192번지 지상1~2층,낙원동
서울특별시 종로구 43-6번지,관철동
서울특별시 종로구 102-0번지,인사동
서울특별시 종로구 123-4,관훈동
서울특별시 종로구 88번지,재동
서울특별시 종로구 72-0번지 지상2층,인사동
서울특별시 종로구 245-0번지,종로5가
서울특별시 종로구 534,창신동
서울특별시 종로구 1-55번지 2층,동숭동
서울특별시 종로구 Jan-46,명륜4가
서울특별시 종로구 111-7 지상1층,인의동
서울특별시 종로구 1-27번지 1.2층,동숭동
서울특별시 종로구 116번지 1층,종로5가
서울특별시 종로구 24 B113-5,종로1가
서울특별시 종로구 330번지 1층,효제동
서울특별시 종로구 766번지 종로청계힐스테이트,숭인동
서울특별시 종로구 67-3번지 2층,통의동
서울특별시 종로구 183-1번지 1층,숭인동
서울특별시 종로구 635-8번지,창신동
서울특별시 종로구 24-1번지 지상2층,명륜2가
서울특별시 종로구 166-57번지 1층,익선동
서울특별시 종로구 19-20번지 3층,관철동
서울특별시 종로구 178-2번지,내자동
서울특별시 종로구 318-1번지 지상1층,효제동
서울특별시 종로구 308,효제동
서울특별시 종로구 113-1 지상1층,명륜4가
서울특별시 종로구 31번지 2층,신문로1가
서울특별시 종로구 10-27번지 지상1층,명륜1가
서울특별시 종로구 155번지 지상1층 101호,관철동
서울특별시 종로구 76번지,연건동
서울특별시 종로구 216-2 지하1층,명륜2가
서울특별시 종로구 13-8 1층,관철동
서울특별시 종로구 45-65번지,무악동
서울특별시 종로구 2-24번지 (지상1층),명륜3가
서울특별시 종로구 Mar-82,명륜3가
서울특별시 종로구 232번지 2층,효제동
서울특별시 종로구 254-5번지,부암동
서울특별시 종로구 72-71번지,숭인동
서울특별시 종로구 60-1번지,명륜4가
서울특별시 종로구 70-2번지 지층,가회동
서울특별시 종로구 1081번지,숭인동
서울특별시 종로구 13-8 2.3.4층,관철동
서울특별시 종로구 13-13번지 종로코아빌딩 3층,관철동
"서울특별시 종로구 24번지 르메이에르종로타운 지상2층 213,214호",종로1가
서울특별시 종로구 313-7번지 외1필지,숭인동
서울특별시 종로구 13-9번지 3층,관철동
서울특별시 종로구 45-1번지,종로5가
서울특별시 종로구 43-8번지,관철동
서울특별시 종로구 산 19-9 5층,관철동
서울특별시 종로구 102-1 2층,종로2가
"서울특별시 종로구 195번지 1,2층",체부동
서울특별시 종로구 166-45,익선동
서울특별시 종로구 Jan-55,낙원동
서울특별시 종로구 155번지 1층 102호,관철동
서울특별시 종로구 Dec-65 지상1층,숭인동
서울특별시 종로구 13-9 1층,관철동
서울특별시 종로구 53번지 지상1층 유림회관 14호,명륜3가
서울특별시 종로구 263-1 1층,부암동
서울특별시 종로구 1061번지 지상2층,숭인동
서울특별시 종로구 1410번지,숭인동
서울특별시 종로구 112-3 지상1층 101호,내자동
서울특별시 종로구 11-1번지 2층,내자동
서울특별시 종로구 182-2번지 지하1층,평창동
서울특별시 종로구 182-8번지 2층,종로5가
서울특별시 종로구 53번지 지하 1층,명륜4가
서울특별시 종로구 118-9 지층,명륜4가
서울특별시 종로구 10-20번지 1층,명륜1가
서울특별시 종로구 630-1번지 지하1층,창신동
서울특별시 종로구 19-7번지 지상1층,관철동
서울특별시 종로구 185번지 중원빌딩 505-1호,혜화동
서울특별시 종로구 109-2번지 지상1층,창성동
서울특별시 종로구 141번지,낙원동
서울특별시 종로구 24번지 르메이에르 지하1층 123호,종로1가
서울특별시 종로구 102 (지상2층),돈의동
서울특별시 종로구 137번지 지상9층,돈의동
서울특별시 종로구 1388번지 1층 (109호),숭인동
서울특별시 종로구 191-1번지 (지상1층),청진동
서울특별시 종로구 Feb-37 지상1층,관철동
서울특별시 종로구 Feb-43 (지상1층),관수동
서울특별시 종로구 1236번지 지상1층,숭인동
서울특별시 종로구 266번지,숭인동
서울특별시 종로구 97-2번지 지상1.2층,팔판동
서울특별시 종로구 188-14번지 (지상1층),충신동
서울특별시 종로구 63-4번지 1층 7호,무악동
서울특별시 종로구 580-1번지 지상1층,창신동
서울특별시 종로구 81-22번지 지상2층,숭인동
서울특별시 종로구 583-20번지 (지상1층),창신동
서울특별시 종로구 130-1번지,공평동
서울특별시 종로구 07-05 1층,신문로1가
서울특별시 종로구 1198번지 (지상1층),숭인동
서울특별시 종로구 202번지,명륜2가
서울특별시 종로구 22-3,창신동
서울특별시 종로구 233-2 1층,효제동
서울특별시 종로구 76-3번지 지하1층,통인동
서울특별시 종로구 238번지 지하1층 37호,신문로1가
서울특별시 종로구 627-19번지 (지하1층),창신동
"서울특별시 종로구 178-1번지 2,3층",혜화동
서울특별시 종로구 43-6번지,관철동
서울특별시 종로구 82-3번지,낙원동
서울특별시 종로구 164-1번지,명륜4가
"서울특별시 종로구 45-60번지 외2필지(45-61,45-424)지상1층",무악동
서울특별시 종로구 40번지 1층,종로2가
서울특별시 종로구 498 지상1층,창신동
서울특별시 종로구 19-12번지,관철동
서울특별시 종로구 168-1 1층,명륜2가
서울특별시 종로구 225-4 지상1층,원남동
서울특별시 종로구 580-3,창신동
서울특별시 종로구 168번지,권농동
서울특별시 종로구 1075 1층,숭인동
서울특별시 종로구 643번지 지하1층,창신동
서울특별시 종로구 149-1번지 지상1층,관수동
서울특별시 종로구 75번지 용비어천가 지상1층 105호,내수동
서울특별시 종로구 85-9번지 1층,명륜4가
서울특별시 종로구 93-6번지,돈의동
서울특별시 종로구 May-97 2층,명륜1가
서울특별시 종로구 2번지 지상1층,충신동
서울특별시 종로구 141-2번지 지상1층,통인동
서울특별시 종로구 633-24번지 (1층),창신동
서울특별시 종로구 633-6번지 (지하1층),창신동
서울특별시 종로구 258-3,부암동
서울특별시 종로구 134-2번지 지상1층,명륜3가
서울특별시 종로구 83-5번지,명륜1가
서울특별시 종로구 582-3번지 지상1층,창신동
서울특별시 종로구 233번지 경희궁자이 3단지,평동
서울특별시 종로구 1-87번지 2층,동숭동
서울특별시 종로구 02-05,종로5가
"서울특별시 종로구 93번지 외1필지, 2층 1호",낙원동
서울특별시 종로구 166번지 1층,돈의동
서울특별시 종로구 183-9번지,숭인동
서울특별시 종로구 11-6번지,청진동
서울특별시 종로구 222번지,명륜2가
서울특별시 종로구 1-73번지 (지상2층),동숭동
서울특별시 종로구 1-114번지 (3층),동숭동
서울특별시 종로구 332-14번지,종로5가
서울특별시 종로구 246-2번지,종로5가
서울특별시 종로구 191-2,청진동
서울특별시 종로구 1-100번지 3층,동숭동
서울특별시 종로구 396번지,숭인동
서울특별시 종로구 202번지,낙원동
서울특별시 종로구 21-26,명륜2가
서울특별시 종로구 173 1층,와룡동
서울특별시 종로구 1-78번지 지상5층,동숭동
서울특별시 종로구 Feb-45 1층,교남동
서울특별시 종로구 218-1번지 지상4층,낙원동
서울특별시 종로구 1399번지 지상2층,숭인동
서울특별시 종로구 1-27번지,동숭동
서울특별시 종로구 110-7번지 지상2층,구기동
서울특별시 종로구 80-3번지,창신동
서울특별시 종로구 159번지 (지상4층),낙원동
서울특별시 종로구 161 (지하1층),낙원동
서울특별시 종로구 14-3번지 지하1층,관철동
서울특별시 종로구 149-1 태종빌딩,묘동
서울특별시 종로구 89번지 지상 2층,관수동
서울특별시 종로구 177-2번지,숭인동
서울특별시 종로구 Jan-49,통의동
서울특별시 종로구 190번지,체부동
서울특별시 종로구 150-1번지 파고다빌딩 1층,낙원동
서울특별시 종로구 12-2번지 5층,관철동
서울특별시 종로구 392-1번지,창신동
서울특별시 종로구 68번지 지상2층,관수동
서울특별시 종로구 160번지,돈의동
서울특별시 종로구 95번지,내수동
서울특별시 종로구 89 경희궁 롯데캐슬,무악동
서울특별시 종로구 136번지 (지상1층),낙원동
서울특별시 종로구 759번지 1층,숭인동
서울특별시 종로구 198-11번지 (지상1층),관훈동
서울특별시 종로구 301-1번지,평창동
서울특별시 종로구 121-1 지상1층,낙원동
서울특별시 종로구 8-1번지,명륜4가
서울특별시 종로구 46-1번지 지상1층,홍지동
서울특별시 종로구 96번지,교남동
서울특별시 종로구 25-5번지,동숭동
서울특별시 종로구 17-12번지 지상1층,창신동
서울특별시 종로구 391-6,창신동
서울특별시 종로구 34번지,돈의동
서울특별시 종로구 676-1번지,창신동
서울특별시 종로구 1-1145,명륜3가
서울특별시 종로구 Jan-71 삼성빌딩 3층,수송동
서울특별시 종로구 45-2번지,관철동
서울특별시 종로구 171-176,행촌동
서울특별시 종로구 46번지 경희궁 롯데캐슬,무악동
서울특별시 종로구 199번지 경희궁자이 2단지,홍파동
서울특별시 종로구 12-16번지,관철동
서울특별시 종로구 26,관수동
서울특별시 종로구 651-26번지,창신동
서울특별시 종로구 236-1번지 낙원빌딩,낙원동
서울특별시 종로구 161-12번지 지상1층,관수동
서울특별시 종로구 70 그랑서울 제타워1 309호,청진동
서울특별시 종로구 58-1번지 종로오피스텔 101~103호,낙원동
서울특별시 종로구 18-8번지,관철동
서울특별시 종로구 296-21번지,숭인동
서울특별시 종로구 60번지 지하1층 16호호,도렴동
서울특별시 종로구 229번지 2층,낙원동
서울특별시 종로구 1-92번지 (태원빌딩 3층),동숭동
서울특별시 종로구 26번지,명륜4가
서울특별시 종로구 25번지,신문로2가
서울특별시 종로구 23-76번지 브라운스톤 창신,창신동
서울특별시 종로구 10-23번지 1층,관철동
서울특별시 종로구 1-37번지 4층,동숭동
서울특별시 종로구 19-1번지 해덕빌딩,관철동
서울특별시 종로구 16-1,수송동
서울특별시 종로구 23-76번지 브라운스톤 창신,창신동
서울특별시 종로구 81-9번지,창신동
서울특별시 종로구 37 삼창빌딩,돈의동
서울특별시 종로구 1248,숭인동
서울특별시 종로구 Mar-61,명륜4가
서울특별시 종로구 1-105,동숭동
서울특별시 종로구 330-2,창신동
서울특별시 종로구 326번지 이화장여관,숭인동
서울특별시 종로구 45-19,무악동
서울특별시 종로구 98-20 로얄창덕궁빌딩 702호,운니동
서울특별시 종로구 582-29,창신동
서울특별시 종로구 209-69 대신빌딩 1층,행촌동
서울특별시 종로구 18-3,관철동
서울특별시 종로구 Jan-46,돈의동
서울특별시 종로구 12-15번지 (3층),관철동
서울특별시 종로구 171번지 (지상1층),당주동
서울특별시 종로구 138-89번지 지하1층,창신동
서울특별시 종로구 17번지 (지상2층),공평동
서울특별시 종로구 Jan-42 신화빌딩,종로5가
"서울특별시 종로구 176 1,2층",창신동
서울특별시 종로구 197,내자동
서울특별시 종로구 581-21,창신동
서울특별시 종로구 72-86,숭인동
서울특별시 종로구 302-5,창신동
서울특별시 종로구 438-14번지,창신동
서울특별시 종로구 1263 수도회화전문확원,숭인동
서울특별시 종로구 583-95번지,창신동
서울특별시 종로구 249번지,종로5가
"서울특별시 종로구 07-04 1, 2층",관철동
서울특별시 종로구 21-2번지,관수동
서울특별시 종로구 165-5번지,청진동
서울특별시 종로구 27-1 1층,종로5가
서울특별시 종로구 406-1 2층,창신동
서울특별시 종로구 Jan-89,혜화동
서울특별시 종로구 398-16번지,종로5가
서울특별시 종로구 35-97번지,통의동
서울특별시 종로구 433-1번지,창신동
서울특별시 종로구 1-215번지,명륜3가
서울특별시 종로구 10-2번지,관철동
서울특별시 종로구 217-1번지,사직동
서울특별시 종로구 195-11번지 지상1층,명륜2가
서울특별시 종로구 143-9번지 2층,명륜2가
서울특별시 종로구 170-0번지,돈의동
서울특별시 종로구 6번지,종로3가
서울특별시 종로구 19-20번지,관철동
서울특별시 종로구 39-0번지,명륜2가
서울특별시 종로구 60번지 지하1층 43호,도렴동
서울특별시 종로구 217-1번지,창신동
서울특별시 종로구 217-9번지,숭인동
서울특별시 종로구 115-4번지,도렴동
서울특별시 종로구 7-17번지,관철동
서울특별시 종로구 583-6번지,창신동
서울특별시 종로구 194번지 덕우빌딩,낙원동
서울특별시 종로구 136번지,혜화동
서울특별시 종로구 1-48번지,동숭동
서울특별시 종로구 1-96번지,동숭동
서울특별시 종로구 12-15번지,교북동
서울특별시 종로구 202-3번지 지상1층,숭인동
서울특별시 종로구 6번지,종로3가
서울특별시 종로구 185-5번지,부암동
서울특별시 종로구 152-2번지,돈의동
서울특별시 종로구 24-4번지,명륜2가
서울특별시 종로구 65-22번지,숭인동
서울특별시 종로구 97번지,적선동
서울특별시 종로구 176번지,명륜2가
서울특별시 종로구 1262번지,숭인동
서울특별시 종로구 46-1번지 지상1층,홍지동
서울특별시 종로구 37번지,삼청동
서울특별시 종로구 239-1번지,신영동
서울특별시 종로구 202번지,명륜2가
서울특별시 종로구 191번지,숭인동
서울특별시 종로구 5-0 지하1층,당주동
서울특별시 종로구 81-8번지,창신동
서울특별시 종로구 19-11,관철동
서울특별시 종로구 11-1번지,내자동
서울특별시 종로구 100번지 지하 105호,당주동
서울특별시 종로구 75-1번지,종로5가
서울특별시 종로구 1-1번지,청진동
서울특별시 종로구 206-0번지,필운동
서울특별시 종로구 11-18,관철동
서울특별시 종로구 181 지하1층,명륜2가
서울특별시 종로구 205-3번지,종로6가
서울특별시 종로구 8-1번지,명륜4가
서울특별시 종로구 137-11번지,통인동
서울특별시 종로구 31-0번지,신문로1가
서울특별시 종로구 45-8번지,관철동
서울특별시 종로구 50번지 지상1층,돈의동
서울특별시 종로구 313-16번지,숭인동
서울특별시 종로구 45-8번지,관철동
서울특별시 종로구 691-0번지,창신동
서울특별시 종로구 635-8번지,창신동
서울특별시 종로구 127-22번지,홍지동
서울특별시 종로구 108번지 1층,필운동
서울특별시 종로구 108-4번지 1,필운동
서울특별시 종로구 Apr-88 2층,종로5가
서울특별시 종로구 68-102번지 동의빌딩,돈의동
서울특별시 종로구 385 지하1층,부암동
서울특별시 종로구 46-1번지,홍지동
서울특별시 종로구 19-12 1~2층,관철동
서울특별시 종로구 18번지,공평동
서울특별시 종로구 1-55번지,동숭동
서울특별시 종로구 70-3번지,명륜4가
서울특별시 종로구 635-8번지 지상1층,창신동
"서울특별시 종로구 72번지 경희궁의아침3단지 167,168호",내수동
서울특별시 종로구 66-72번지 안성빌딩 103호,평창동
서울특별시 종로구 66-3번지 지상2층,숭인동
서울특별시 종로구 130-66번지,창신동
서울특별시 종로구 84-2번지,돈의동
서울특별시 종로구 1-48번지 지하1층,동숭동
서울특별시 종로구 186-2번지,명륜2가
서울특별시 종로구 192번지 지상1층,숭인동
서울특별시 종로구 265번지 지상3층,창신동
서울특별시 종로구 14-7번지 지상1층,관철동
서울특별시 종로구 177번지,명륜2가
서울특별시 종로구 582-17번지 지상1층,창신동
서울특별시 종로구 1-91번지,동숭동
서울특별시 종로구 121-6번지 지하1층,종로5가
서울특별시 종로구 205-3번지,종로6가
서울특별시 종로구 165번지,효제동
서울특별시 종로구 57번지,익선동
서울특별시 종로구 67-2번지,무악동
서울특별시 종로구 6-5번지,관철동
서울특별시 종로구 46-915번지,무악동
서울특별시 종로구 583-30번지 지상1층,창신동
서울특별시 종로구 53번지,명륜3가
서울특별시 종로구 217-19번지 지상2층,숭인동
서울특별시 종로구 214-6번지,종로5가
"서울특별시 종로구 166-3번지 지상1,2층",혜화동
서울특별시 종로구 24번지 지하1층 B118-3호,종로1가
서울특별시 종로구 94번지 지상1층,돈의동
"서울특별시 종로구 73 경희궁의아침4단지 B133,B134",내수동
서울특별시 종로구 249-1번지 2층,효제동
서울특별시 종로구 46-1번지 1층,인의동
서울특별시 종로구 123 1층,효제동
서울특별시 종로구 218 1층,숭인동
서울특별시 종로구 46-41 1층,통인동
서울특별시 종로구 5번지 지하1층,당주동
서울특별시 종로구 85,연지동
서울특별시 종로구 Mar-45 1층,종로5가
서울특별시 종로구 208-39번지 1층,부암동
서울특별시 종로구 201번지 (지하1층),묘동
서울특별시 종로구 84-3번지 (지상1층),창신동
서울특별시 종로구 37번지 지상1층,옥인동
서울특별시 종로구 74 광화문시대(102-1호),내수동
서울특별시 종로구 74-38번지,혜화동
서울특별시 종로구 633-6번지 (지하1층),창신동
서울특별시 종로구 12-5번지,관철동
서울특별시 종로구 20-40번지 (지상1층),창신동
서울특별시 종로구 150-1번지,도렴동
서울특별시 종로구 2-37번지,명륜3가
서울특별시 종로구 436-73번지 지하1층,창신동
서울특별시 종로구 440-6번지,창신동
서울특별시 종로구 766번지 청계힐스테이트 단지내상가 나동,숭인동
서울특별시 종로구 98번지,종로5가
서울특별시 종로구 27번지,교남동
서울특별시 종로구 160번지 지하1층 6호,당주동
서울특별시 종로구 58번지 두산위브파빌리온 142호,수송동
서울특별시 종로구 1-37번지 4층,동숭동
서울특별시 종로구 95 파크팰리스상가 105호,내수동
서울특별시 종로구 583-19번지 지상1층,창신동
서울특별시 종로구 196번지 지하1층,낙원동
서울특별시 종로구 66-32번지 (지하1층),평창동
서울특별시 종로구 238번지 신문로BD 지상1층,신문로1가
서울특별시 종로구 268-2번지 지상1층,효제동
서울특별시 종로구 50-42번지 지상2층,동숭동
서울특별시 종로구 330-5번지 2층,창신동
서울특별시 종로구 15-44번지,혜화동
서울특별시 종로구 Feb-45 1층,연건동
서울특별시 종로구 166-161번지 지상2층,누상동
서울특별시 종로구 139-2번지 1층,연건동
서울특별시 종로구 210번지 (지상2층),낙원동
서울특별시 종로구 16-1번지 3층,명륜4가
"서울특별시 종로구 41-9번지 (지상8,9층)",명륜2가
서울특별시 종로구 188번지 지하1층,명륜2가
서울특별시 종로구 91-3번지,홍지동
서울특별시 종로구 7-11번지 지상 3층,관철동
서울특별시 종로구 72-70번지 지상1층,숭인동
서울특별시 종로구 16번지 (지하1층),명륜3가
서울특별시 종로구 180번지 스타골드빌딩,관철동
서울특별시 종로구 8-4번지 1층,종로2가
서울특별시 종로구 11-24번지,관철동
서울특별시 종로구 10번지 지상1층,돈의동
서울특별시 종로구 182-2번지 2층,종로5가
서울특별시 종로구 45-379번지 (지상1층),무악동
서울특별시 종로구 200-8번지 3층,숭인동
서울특별시 종로구 147-2번지 (지상1층),통인동
서울특별시 종로구 263번지 지상3층,창신동
서울특별시 종로구 580-7번지,창신동
서울특별시 종로구 16-31번지,명륜1가
"서울특별시 종로구 145번지 롯데미도파빌딩 지하52호,53호",당주동
서울특별시 종로구 44번지 지상1층,신영동
서울특별시 종로구 5번지 (지하2층),종로4가
서울특별시 종로구 65-2번지,효제동
서울특별시 종로구 171번지 1층,당주동
서울특별시 종로구 58-1번지 외3필지,신문로1가
서울특별시 종로구 226-2번지 지상1층,숭인동
서울특별시 종로구 143-2번지 지상1층,혜화동
서울특별시 종로구 72-4번지,명륜4가
서울특별시 종로구 299-1번지 (지상1층),평창동
서울특별시 종로구 682번지,숭인동
서울특별시 종로구 189번지 (지하1층),숭인동
서울특별시 종로구 151-2번지 지상1층,평창동
"서울특별시 종로구 148번지 지상1층, 1호",익선동
서울특별시 종로구 266-2번지,창신동
서울특별시 종로구 11-1번지,관철동
서울특별시 종로구 233-1번지,효제동
서울특별시 종로구 15-1번지,명륜1가
서울특별시 종로구 46-1419번지 지상1층,무악동
서울특별시 종로구 158번지 1층,낙원동
서울특별시 종로구 580-3번지,창신동
서울특별시 종로구 43 경희궁자이 3단지,평동
서울특별시 종로구 14-8번지,관철동
서울특별시 종로구 766번지,숭인동
서울특별시 종로구 21-9,명륜2가
"서울특별시 종로구 30번지 (지상1층,30,31번지)",체부동
서울특별시 종로구 19-1번지 4층,관철동
서울특별시 종로구 1410 (지상1층),숭인동
서울특별시 종로구 55-1번지,낙원동
서울특별시 종로구 190-1번지 지상1층,혜화동
서울특별시 종로구 59-3번지,명륜4가
서울특별시 종로구 390-1,숭인동
서울특별시 종로구 142-2번지,명륜2가
서울특별시 종로구 1-60번지,동숭동
서울특별시 종로구 11-5번지,관철동
서울특별시 종로구 35-9번지 지상1층,충신동
서울특별시 종로구 27-17번지 (지상1층),충신동
서울특별시 종로구 184번지 지하1층,명륜2가
서울특별시 종로구 42-4번지 지하1층,관철동
서울특별시 종로구 99번지 (지상1층),인사동
서울특별시 종로구 580-3번지,창신동
서울특별시 종로구 464-8번지,창신동
서울특별시 종로구 211번지 지상4층,명륜2가
서울특별시 종로구 1-83번지,동숭동
서울특별시 종로구 90번지,명륜4가
서울특별시 종로구 191-2번지,청진동
서울특별시 종로구 190-1번지 1층,숭인동
서울특별시 종로구 20-10번지,창신동
서울특별시 종로구 1-2번지 1층,내자동
서울특별시 종로구 193-11번지 (지상2층),종로5가
서울특별시 종로구 498번지 (2층),창신동
서울특별시 종로구 225-6번지 지상1층,원남동
서울특별시 종로구 74-38번지,혜화동
서울특별시 종로구 596번지,평창동
서울특별시 종로구 19-6번지 지상2층,관철동
서울특별시 종로구 150-2번지 지상2층,명륜2가
서울특별시 종로구 101번지,교북동
서울특별시 종로구 32-2번지 지상 1층,누상동
서울특별시 종로구 195-1,평창동
서울특별시 종로구 12-8번지,봉익동
"서울특별시 종로구 92번지 지하1층, 그랑서울 107호",청진동
서울특별시 종로구 150-5번지,평창동
서울특별시 종로구 209-1번지 양지빌딩 5층,청진동
서울특별시 종로구 37번지 지하1층,돈의동
서울특별시 종로구 14-3번지 지상 4층,관철동
서울특별시 종로구 197-6번지,연건동
서울특별시 종로구 1-87번지,동숭동
서울특별시 종로구 161-10번지 지상1층,명륜2가
"서울특별시 종로구 33-2번지 지상1,2층",명륜2가
서울특별시 종로구 23-74번지 지상1층,창신동
서울특별시 종로구 47번지 (지상1층),교남동
서울특별시 종로구 56-42번지 중앙빌딩 1층,숭인동
서울특별시 종로구 246 D타워,청진동
서울특별시 종로구 13-1 (지상1층),관철동
서울특별시 종로구 14번지 트윈트리 A동 B202호,중학동
서울특별시 종로구 208-39번지 (1층),부암동
서울특별시 종로구 8-1번지 (지상1층),봉익동
서울특별시 종로구 67-2번지 (2층),통의동
서울특별시 종로구 583-19번지 (1층),창신동
서울특별시 종로구 65-2번지 지상2층,효제동
서울특별시 종로구 1-96번지 4층,동숭동
서울특별시 종로구 184번지,명륜2가
서울특별시 종로구 144-6번지,소격동
